hotel,QUANTIFIER,aspect,count,mean,median,std,min,max
bourbon,ACC,Atendimento da equipe,250,0.030325235658445703,0.0255576305054301,0.023785749930102996,0.0,0.1139048857105362
bourbon,ACC,Café da manhã,250,0.08020892938871071,0.06932800657149951,0.06048027143879993,0.0,0.4349535753638103
bourbon,ACC,Localização,250,0.15185603869052208,0.1405529953917051,0.11294950209339256,0.0,0.4618169848584595
bourbon,ACC,Quarto,250,0.040775572002933705,0.02999951228639805,0.040714867355518415,0.0,0.259889164202467
bourbon,ACC,Áreas comuns,250,0.05848419205488159,0.05705093698747425,0.04087919789188114,0.0,0.1718177238100438
bourbon,CC,Atendimento da equipe,250,0.022322752516141114,0.017331826218009952,0.01722227977844724,0.0,0.0981542805801566
bourbon,CC,Café da manhã,250,0.10213281626663864,0.0971147079521463,0.07167921753916619,0.0,0.3426565050084597
bourbon,CC,Localização,250,0.19501520497771493,0.18753649102320813,0.12296179020584687,0.0,0.5509677419354838
bourbon,CC,Quarto,250,0.08118871988020239,0.06506493506493499,0.061144782361916554,0.0004995589890203,0.2974174397031539
bourbon,CC,Áreas comuns,250,0.02579308965545555,0.01843344521173305,0.025536019664101756,0.0,0.17377107364685
bourbon,DyS,Atendimento da equipe,250,0.020119918949880335,0.01530415828338365,0.018100121155929252,4.4272190311588685e-05,0.0928500813327126
bourbon,DyS,Café da manhã,250,0.041526571977007605,0.03284301874241225,0.03388186971568464,4.416832168512887e-05,0.2172876645169108
bourbon,DyS,Localização,250,0.05279681849953438,0.0428769805241994,0.044945332262541,4.383380704682527e-05,0.2886791202120099
bourbon,DyS,Quarto,250,0.041494338793598325,0.03391480921623355,0.03389747856473329,4.4349883165720845e-05,0.1794633218190053
bourbon,DyS,Áreas comuns,250,0.035861207790286065,0.03036622943512835,0.027861191812784326,4.390670717737896e-05,0.1796630387946227
bourbon,EMQ,Atendimento da equipe,250,0.031289568880077466,0.02526445415907415,0.025850472519983986,1.610495591053418e-14,0.1470338193608453
bourbon,EMQ,Café da manhã,250,0.11518517731829052,0.11476822269905204,0.060336479672943935,1.96525215067668e-07,0.3437029587680463
bourbon,EMQ,Localização,250,0.417449175386755,0.44171079265583635,0.21919758018206417,3.0085712827282446e-10,0.8343791288931508
bourbon,EMQ,Quarto,250,0.04538526216772757,0.0322809849677808,0.04684071134015948,2.9394811090766026e-07,0.2855190272578723
bourbon,EMQ,Áreas comuns,250,0.10526001953007597,0.10226581738070314,0.05789835703593549,1.065692672996832e-13,0.2951981809853277
bourbon,FM,Atendimento da equipe,250,0.025121128400731274,0.021424728399421347,0.019487040785926342,0.0,0.1117708914062105
bourbon,FM,Café da manhã,250,0.08058974611082151,0.0702477322284284,0.058006555412514094,0.0,0.335982576699807
bourbon,FM,Localização,250,0.10922316884190915,0.08447954336857255,0.09654057277663611,0.0,0.4825652423606593
bourbon,FM,Quarto,250,0.04797365757336729,0.03500705142197626,0.044760293413708616,0.0,0.2609238465431556
bourbon,FM,Áreas comuns,250,0.044873168461996925,0.03206216512441695,0.04363621399929367,0.0,0.2614610895169283
bourbon,GPAC,Atendimento da equipe,250,0.028347259524915267,0.0241076637407683,0.022035965513461514,0.0,0.1085848789688014
bourbon,GPAC,Café da manhã,250,0.08451307605505072,0.07424465707197475,0.06334884956004189,0.0002486027222254,0.3079545951242551
bourbon,GPAC,Localização,250,0.1936111454608154,0.1376187607298957,0.21346834891911384,0.0,0.9838709677419354
bourbon,GPAC,Quarto,250,0.04433287852751036,0.03440821775565755,0.040723468769222504,0.0,0.2395737653156394
bourbon,GPAC,Áreas comuns,250,0.059497714478087396,0.057393751537192145,0.039674042152490645,0.0,0.1536810045632148
bourbon,HDy,Atendimento da equipe,250,0.021658431523552776,0.017237838531639002,0.017119476058653542,0.0,0.0897381594147093
bourbon,HDy,Café da manhã,250,0.04819802955665017,0.04031271991555235,0.03896219093548769,0.0,0.2442030260380013
bourbon,HDy,Localização,250,0.07493924292297563,0.0673650427913101,0.049635694569350595,0.0,0.2481764318630678
bourbon,HDy,Quarto,250,0.0338942115027829,0.0256989795918367,0.031086449079070256,0.0,0.1695320037105752
bourbon,HDy,Áreas comuns,250,0.04166644188110025,0.037057083703046445,0.03104491795766274,0.0,0.166932860100562
bourbon,MAX,Atendimento da equipe,250,0.025805330025997466,0.0202798100372224,0.019859234978548444,0.0,0.0869863739529995
bourbon,MAX,Café da manhã,250,0.08029274735108514,0.07114196925971436,0.06042988670320104,0.0,0.3386666702938253
bourbon,MAX,Localização,250,0.08908192094953274,0.0686623036311299,0.07835834995255958,0.0,0.3840710994075049
bourbon,MAX,Quarto,250,0.04600683529372026,0.03191599053797465,0.04521860035327674,0.0,0.2701100501843053
bourbon,MAX,Áreas comuns,250,0.018012930671275466,0.01766137110761825,0.011419248448878724,0.0,0.0444550733876806
bourbon,MS,Atendimento da equipe,250,0.034715239001089,0.030469181318912603,0.02492733645475961,0.0,0.1453797809900212
bourbon,MS,Café da manhã,250,0.048429491936356844,0.038867594262044544,0.04139519963954465,0.0,0.2417452042720787
bourbon,MS,Localização,250,0.22732080888902886,0.2125682521188764,0.1460352711803971,0.0,0.7621486175115207
bourbon,MS,Quarto,250,0.045565771799481375,0.0361330909541243,0.04258850000010833,0.0,0.3002605056932373
bourbon,MS,Áreas comuns,250,0.04931079126131307,0.041738621582340305,0.03501296820340055,0.0,0.1776594695849352
bourbon,MS2,Atendimento da equipe,250,0.037545891821498284,0.03581784605558015,0.026685091315507534,0.0,0.1366148953543324
bourbon,MS2,Café da manhã,250,0.045241567646585344,0.03385657854217,0.044460797135007175,0.0,0.2779772235855212
bourbon,MS2,Localização,250,0.08800708221689785,0.07269690734141634,0.06773896285433963,0.0,0.3687633722843975
bourbon,MS2,Quarto,250,0.046750400072862144,0.0394923238804818,0.04214057916762301,0.0001739909643477,0.2792233331980698
bourbon,MS2,Áreas comuns,250,0.04312023383272843,0.0402247855664004,0.029792161180219722,0.0,0.1649216208222419
bourbon,PACC,Atendimento da equipe,250,0.03650563237290446,0.032829554410936046,0.026247695608185812,0.0,0.141958670260557
bourbon,PACC,Café da manhã,250,0.04373811186772338,0.034274529085494804,0.03803211350544028,0.0,0.2492133415225352
bourbon,PACC,Localização,250,0.08794945052048352,0.0764170781288669,0.0661024166782867,0.0001268868646791,0.3011854163000688
bourbon,PACC,Quarto,250,0.04891458825158632,0.038875208141314496,0.038890234351067955,3.707788843217846e-05,0.1975096807736664
bourbon,PACC,Áreas comuns,250,0.052112605921927665,0.049290683309589745,0.0358412682687748,0.0,0.1821583308804013
bourbon,PCC,Atendimento da equipe,250,0.06130385838789543,0.0608076673880315,0.03633742266226196,0.0001405809323361,0.1694272283673778
bourbon,PCC,Café da manhã,250,0.11300402863412992,0.0936959957455997,0.07917880891247099,0.000952351655876,0.3258047455880014
bourbon,PCC,Localização,250,0.2592709629876073,0.2234497496483327,0.1852321353853549,0.0007350345237251,0.6500389702387097
bourbon,PCC,Quarto,250,0.1161393297734811,0.11774447676025321,0.06950378568157593,0.0011567241466582,0.2642197114194546
bourbon,PCC,Áreas comuns,250,0.07716048046155499,0.073974776359929,0.046691013920637674,0.0029902053628845,0.1960011293100189
bourbon,PWK,Atendimento da equipe,250,0.02578579881829143,0.017159839262265053,0.04609861222675886,0.0002567064561674,0.5
bourbon,PWK,Café da manhã,250,0.10228548669651272,0.08408691062631946,0.07891254226119683,0.0004304729962417,0.5
bourbon,PWK,Localização,250,0.22105817332345823,0.20789729995524087,0.135526275870143,0.0008031599736668,0.5702435813034891
bourbon,PWK,Quarto,250,0.08534019672131142,0.07408148058030956,0.06105548392857462,0.0002390046927861,0.3339851576994433
bourbon,PWK,Áreas comuns,250,0.033404307329670785,0.01672877846790885,0.07063734271793146,0.0,0.4999999999999999
bourbon,SMM,Atendimento da equipe,250,0.03980268683315133,0.03543086972765445,0.030181043223233207,0.0,0.1615658664274157
bourbon,SMM,Café da manhã,250,0.04676555540526474,0.038274095757537555,0.03841858644998298,0.0,0.2111227291985936
bourbon,SMM,Localização,250,0.08367419814356833,0.0671296329416594,0.06851733583799456,0.0,0.3600120465523085
bourbon,SMM,Quarto,250,0.05017002208940844,0.039262142937025804,0.044389030111305114,0.0,0.2557948698656139
bourbon,SMM,Áreas comuns,250,0.05393778439820009,0.0508378865210389,0.03483600897611559,0.0,0.1893373004800733
bourbon,SORD,Atendimento da equipe,250,0.03388188422538821,0.0311295084071364,0.023492565075392748,0.0,0.1054550121935566
bourbon,SORD,Café da manhã,250,0.043546235045742364,0.035608726249120246,0.03483782850643718,0.0,0.1978712174524982
bourbon,SORD,Localização,250,0.09032176431863062,0.07911125740618824,0.0728353917919733,0.0,0.5092034233048057
bourbon,SORD,Quarto,250,0.046820493506493456,0.0345361781076066,0.043810771622218414,0.0,0.3128571428571427
bourbon,SORD,Áreas comuns,250,0.04589004436557225,0.03952085181898845,0.032416026708534725,0.0,0.1554687962141378
bourbon,T50,Atendimento da equipe,250,0.09398812654949561,0.0789492942642668,0.07488273084617746,0.0,0.3479609806186624
bourbon,T50,Café da manhã,250,0.11972399241036592,0.0850611313246257,0.11845167641415721,0.0,0.8442864962076785
bourbon,T50,Localização,250,0.10151464245805299,0.08031599736668854,0.09026585497893334,0.0,0.5035565908745633
bourbon,T50,Quarto,250,0.08028717950151011,0.0647261300667166,0.07315569678306827,0.0,0.6344229994225263
bourbon,T50,Áreas comuns,250,0.1580600222854372,0.1550192250813368,0.10432801373344154,0.0,0.4452954331999771
bourbon,X_method,Atendimento da equipe,250,0.02698220553001643,0.02298520480284815,0.0206554377204839,0.0,0.1384592147590168
bourbon,X_method,Café da manhã,250,0.0837148244864461,0.0717764317293282,0.06532835510749668,0.0002488562372156,0.3147683103001377
bourbon,X_method,Localização,250,0.22312961287232877,0.1807109940750494,0.17585666791524832,0.0,0.9838709677419354
bourbon,X_method,Quarto,250,0.048773430852223486,0.03623710935299715,0.04291020447199638,0.0,0.2168759640108651
bourbon,X_method,Áreas comuns,250,0.015519020107010797,0.0136642699185923,0.011112680946868575,0.0,0.0441204438613517
continental,ACC,Atendimento da equipe,250,0.043380864187235274,0.04147702029089445,0.029335765143001593,0.0,0.1269981363519924
continental,ACC,Quarto,250,0.04708980694217582,0.0392774067872313,0.039483774264704674,0.0,0.2091292282889057
continental,CC,Atendimento da equipe,250,0.016250177683013442,0.01282972890648795,0.014240006564009772,0.0,0.1174048126713371
continental,CC,Quarto,250,0.08000619633621231,0.06331116716349461,0.0592133754906344,0.0005044714515019,0.3139830314148131
continental,DyS,Atendimento da equipe,250,0.04080396449399167,0.0394581378760577,0.028127708389946368,4.388743294242046e-05,0.1244416429602603
continental,DyS,Quarto,250,0.030126245462163404,0.0243741289812489,0.02668347542208042,3.627452195845149e-05,0.1492473619798837
continental,EMQ,Atendimento da equipe,250,0.03379258570515942,0.0262120016861025,0.026458341113014247,1.1531574306555825e-15,0.1553424798520464
continental,EMQ,Quarto,250,0.1349863209036692,0.1337563453243912,0.07696963987624673,1.79051620379303e-08,0.3830435878390783
continental,FM,Atendimento da equipe,250,0.04351590920545838,0.0420608598063949,0.02925341097676312,0.0,0.1292354469554433
continental,FM,Quarto,250,0.08014276117932603,0.06560801512775595,0.06510755552650382,0.0,0.3711976197829161
continental,GPAC,Atendimento da equipe,250,0.05095336094908054,0.04322774021716305,0.08786372194429638,0.0,0.9850746268656716
continental,GPAC,Quarto,250,0.04635626953030436,0.034388311211714054,0.038839289369272154,0.0,0.1848179722268275
continental,HDy,Atendimento da equipe,250,0.043038111483399304,0.037895217788608,0.0339755007413517,0.0,0.1791227535790435
continental,HDy,Quarto,250,0.04358229763815635,0.033950928686081155,0.0369420049408845,0.0,0.1719238706718643
continental,MAX,Atendimento da equipe,250,0.03696263902758021,0.0309670457304907,0.027075278464634332,0.0,0.0960603186310775
continental,MAX,Quarto,250,0.04963612682115609,0.03867911302731965,0.04202397554252281,0.0,0.2405105611253795
continental,MS,Atendimento da equipe,250,0.046856033513710725,0.04401328528851765,0.03302389923640226,0.0,0.1363929529442976
continental,MS,Quarto,250,0.05131561532817379,0.0403278978183476,0.0405993764152982,0.0,0.2372218944132046
continental,MS2,Atendimento da equipe,250,0.047012929803164655,0.04058965217134125,0.03265029613126964,0.0,0.132996702190572
continental,MS2,Quarto,250,0.05719693304556644,0.0437775419163598,0.05258626857098135,0.0,0.3477235584426106
continental,PACC,Atendimento da equipe,250,0.052381203958318086,0.040666750605618196,0.04021166703878185,0.0,0.1526423579207866
continental,PACC,Quarto,250,0.067013809672028,0.0594078299355976,0.05128215328172779,0.0,0.2459657526702893
continental,PCC,Atendimento da equipe,250,0.05485686412522827,0.048843663207688,0.037414005009266914,0.0002752175232409,0.1649916231063052
continental,PCC,Quarto,250,0.11515531316129149,0.11047257395780011,0.0728891761533237,0.0013046028911818,0.3169196697950469
continental,PWK,Atendimento da equipe,250,0.030159244593359672,0.012062138288150951,0.08649609355128232,0.0,0.5
continental,PWK,Quarto,250,0.07881554179724318,0.0658839715661545,0.05522051509649634,0.0015134143545058,0.2517312542994725
continental,SMM,Atendimento da equipe,250,0.051924232704795334,0.043542325303642104,0.039187681709140935,0.0,0.1660046843134235
continental,SMM,Quarto,250,0.06482054184847402,0.053019286777066604,0.05107016860864485,0.0,0.2357171015625972
continental,SORD,Atendimento da equipe,250,0.04464519037465731,0.040307645446238244,0.03050007578357865,0.0,0.1411270179713676
continental,SORD,Quarto,250,0.051613483146067354,0.0459069020866772,0.039342970978056904,0.0,0.1818115111213024
continental,T50,Atendimento da equipe,250,0.11926460035423787,0.0858925328008484,0.10254801610349312,0.0,0.4286112897342464
continental,T50,Quarto,250,0.133835380736747,0.12129872502577345,0.09860386344105221,0.0,0.464113735381793
continental,X_method,Atendimento da equipe,250,0.04641389874568368,0.04020712762717025,0.03508974573660795,0.0,0.238556913506282
continental,X_method,Quarto,250,0.05632432075407958,0.04857965218807205,0.04378472171257902,0.0,0.3098302618635566
foz_plaza,ACC,Atendimento da equipe,250,0.05046122232810469,0.0401785714285714,0.03865482530421729,0.0,0.1990745755561384
foz_plaza,ACC,Quarto,250,0.022322472297935513,0.01971669775344545,0.019634103563337564,0.0,0.1772663513023884
foz_plaza,ACC,Áreas comuns,250,0.08806536986331577,0.0799320051705664,0.06495217876100152,0.0,0.2856655843932463
foz_plaza,CC,Atendimento da equipe,250,0.05589530097330521,0.0493589959568733,0.040994687541150675,0.0008035714285713,0.195267857142857
foz_plaza,CC,Quarto,250,0.03323310402224677,0.02707617700545565,0.02690341529692753,0.0,0.1939785815316224
foz_plaza,CC,Áreas comuns,250,0.0757473557478851,0.06928584088722335,0.056550065263532255,0.0011811176083336,0.3183111954459202
foz_plaza,DyS,Atendimento da equipe,250,0.027542772968227082,0.020389404017707148,0.024686815036555523,4.38562628905818e-05,0.1551504094235808
foz_plaza,DyS,Quarto,250,0.019265918512143952,0.01520048662325355,0.018638558892023527,4.411128123523291e-05,0.0990258628431884
foz_plaza,DyS,Áreas comuns,250,0.053260282742956654,0.04323718347641595,0.045982846943763686,4.3833807046823534e-05,0.3521187140196171
foz_plaza,EMQ,Atendimento da equipe,250,0.02999328207417389,0.023437973154677598,0.024649607283115396,5.3050381795816115e-11,0.1536286459341438
foz_plaza,EMQ,Quarto,250,0.03583179767256756,0.02941563316700775,0.03059528743355962,1.7566149056180702e-11,0.1675298565231621
foz_plaza,EMQ,Áreas comuns,250,0.07879676000291255,0.0672937178803431,0.058047181279712694,1.195657997957178e-09,0.3413372651362364
foz_plaza,FM,Atendimento da equipe,250,0.04037646369035031,0.03296066953838485,0.03252607562647297,0.0,0.1406249999999999
foz_plaza,FM,Quarto,250,0.026870998278011426,0.020410094108465053,0.021674268903470968,0.0,0.0975547354210039
foz_plaza,FM,Áreas comuns,250,0.06882502641229274,0.0602369980250164,0.04964817191686337,0.0,0.2566777828273057
foz_plaza,GPAC,Atendimento da equipe,250,0.05029653244817036,0.0401785714285714,0.03987854722007044,0.0,0.16419591975189
foz_plaza,GPAC,Quarto,250,0.05326885256208597,0.01853091464305935,0.16980167555093548,0.0,0.99009900990099
foz_plaza,GPAC,Áreas comuns,250,0.08468545000644649,0.0743965262541892,0.06232262181793467,0.0,0.2648746169501043
foz_plaza,HDy,Atendimento da equipe,250,0.03521249999999997,0.0308872767857143,0.026172043303271116,0.0,0.1376116071428571
foz_plaza,HDy,Quarto,250,0.07111133562335824,0.06481107294402916,0.049348523025295944,0.0,0.2402505556678117
foz_plaza,HDy,Áreas comuns,250,0.03828302172481892,0.031122448979591752,0.029335601279198178,0.0,0.1360352205398289
foz_plaza,MAX,Atendimento da equipe,250,0.03904160533390506,0.0289793496944232,0.03284818828246293,0.0,0.1564514896867837
foz_plaza,MAX,Quarto,250,0.023853539091559725,0.0189774282825173,0.021249094980246394,0.0,0.1375239564772803
foz_plaza,MAX,Áreas comuns,250,0.07340194514806474,0.0602369980250165,0.056816666678879926,0.0,0.3150559896702954
foz_plaza,MS,Atendimento da equipe,250,0.033592735169790514,0.02720837138848775,0.025449378160195723,0.0,0.1581381302521008
foz_plaza,MS,Quarto,250,0.026869784085740086,0.019275430492123602,0.028334352370017732,0.0,0.2141846837744997
foz_plaza,MS,Áreas comuns,250,0.07816255422864302,0.0669307589951848,0.056424413107984794,0.0,0.3212639894667545
foz_plaza,MS2,Atendimento da equipe,250,0.035529738309766946,0.027471811118648,0.030274674938323393,0.0,0.1806745365452489
foz_plaza,MS2,Quarto,250,0.026218218405695617,0.01796461075017905,0.028229365100215384,0.0,0.2296241528146917
foz_plaza,MS2,Áreas comuns,250,0.07710685525665298,0.07162152220885305,0.056794559091363654,0.0,0.2550153149921353
foz_plaza,PACC,Atendimento da equipe,250,0.03676133491766315,0.03130612418083145,0.028247927168098506,0.0,0.1494735758204904
foz_plaza,PACC,Quarto,250,0.03897647112637372,0.03309726478962095,0.029469067697831655,0.0,0.1476689918894969
foz_plaza,PACC,Áreas comuns,250,0.090640807043034,0.0803159973666885,0.0658031072289274,0.0,0.2788948328801301
foz_plaza,PCC,Atendimento da equipe,250,0.07306407494317714,0.06202274768805065,0.04947571590603478,0.0006966993794643,0.2144390656499999
foz_plaza,PCC,Quarto,250,0.086210323456242,0.08240478641505275,0.05344393623967937,8.745053546166393e-05,0.2309825655445543
foz_plaza,PCC,Áreas comuns,250,0.10284778331532886,0.0995706570067552,0.0664059560454517,0.0007625813974616,0.2853074516010532
foz_plaza,PWK,Atendimento da equipe,250,0.05757533271112899,0.04701426963366815,0.04957360050894734,0.0,0.4999999999999999
foz_plaza,PWK,Quarto,250,0.04969853368276091,0.03067416682418725,0.08178320830704992,0.0004041220448575,0.5
foz_plaza,PWK,Áreas comuns,250,0.08065466825382117,0.07331169527075646,0.05594286835325111,0.0009874917709018,0.2712999678491051
foz_plaza,SMM,Atendimento da equipe,250,0.03743353065416789,0.033193537201762394,0.029267267030951383,0.0,0.1266227065830289
foz_plaza,SMM,Quarto,250,0.036857327316558684,0.03328976563254135,0.02678605398121193,0.0,0.1438145995576635
foz_plaza,SMM,Áreas comuns,250,0.09001473419449665,0.0803159973666885,0.06858169018627393,0.0,0.3153347572876605
foz_plaza,SORD,Atendimento da equipe,250,0.03305973214285711,0.02943080357142855,0.026528439605788344,0.0,0.1512723214285715
foz_plaza,SORD,Quarto,250,0.02523095574863604,0.0179834309961608,0.02360873287029914,0.0,0.1305314204889877
foz_plaza,SORD,Áreas comuns,250,0.0793787096774193,0.07288676761026991,0.053975063439481955,0.0,0.2728736010533246
foz_plaza,T50,Atendimento da equipe,250,0.10359611464710991,0.0866016888101723,0.08226969592240245,0.0,0.4620535714285714
foz_plaza,T50,Quarto,250,0.07558034153787654,0.05922639957881865,0.06483768108225811,0.0,0.3407595800518583
foz_plaza,T50,Áreas comuns,250,0.16073585819507613,0.140552995391705,0.11312646189218292,0.0,0.4818959842001316
foz_plaza,X_method,Atendimento da equipe,250,0.04205610948320009,0.0355354727898098,0.031926230044329824,0.0,0.1833088723609278
foz_plaza,X_method,Quarto,250,0.02393786561516229,0.0187096186835985,0.020933512962747876,0.0,0.1104473173539918
foz_plaza,X_method,Áreas comuns,250,0.10051585176097662,0.09835021637249941,0.06963196641029798,0.0,0.3327742438664391
nadai,ACC,Atendimento da equipe,250,0.04640894710915782,0.0436400170540877,0.02957461540100297,0.0,0.139086440502549
nadai,ACC,Café da manhã,250,0.06239784727310996,0.04998557373370305,0.04900316010412715,0.0,0.280874182713713
nadai,ACC,Quarto,250,0.029799848574483707,0.02750706161729775,0.023609253800180793,0.0,0.129731783527059
nadai,ACC,Áreas comuns,250,0.08895619043076768,0.06916631931641459,0.0724328620289667,0.0,0.5069547669814194
nadai,CC,Atendimento da equipe,250,0.025981945209569934,0.0192845280711096,0.024310342507454147,0.0,0.1399901203955716
nadai,CC,Café da manhã,250,0.09142263640872038,0.07833594976452116,0.06824488736098884,0.0005910056330224,0.3853356727306306
nadai,CC,Quarto,250,0.025835410573678236,0.01912260967379075,0.021293678741438303,1.1102230246251563e-16,0.1174353205849267
nadai,CC,Áreas comuns,250,0.10641507146988342,0.09008418367346929,0.07679259804844397,0.0005102040816326,0.3538877551020407
nadai,DyS,Atendimento da equipe,250,0.024687889702968577,0.020239488101457148,0.018143598204893165,4.409777778183492e-05,0.08967649289243
nadai,DyS,Café da manhã,250,0.03808851555377358,0.033730015038973604,0.02963025113833035,1.5602893754601554e-05,0.1640958894051925
nadai,DyS,Quarto,250,0.021576122784504215,0.01665364136662835,0.019196053789719374,3.862502692129899e-05,0.1145294850653721
nadai,DyS,Áreas comuns,250,0.04398501323439743,0.0345495398320919,0.03618214774667952,4.399548912216228e-05,0.1906807042465235
nadai,EMQ,Atendimento da equipe,250,0.04278483265255532,0.040399663524117405,0.028986280680730787,2.7929047963226594e-16,0.1448762582379977
nadai,EMQ,Café da manhã,250,0.04899940034066249,0.040748037971837944,0.041334253688189826,2.868975467352347e-09,0.2181207640646292
nadai,EMQ,Quarto,250,0.06638834049355788,0.060731057484162354,0.04838471053573716,8.280508041400012e-10,0.2387160094289614
nadai,EMQ,Áreas comuns,250,0.06167323257089848,0.046659474079841404,0.05241462651138048,2.853245063562902e-07,0.2832041217142085
nadai,FM,Atendimento da equipe,250,0.028104540301395545,0.02371194293849895,0.020796199633083396,0.0,0.1274501130845376
nadai,FM,Café da manhã,250,0.042805482218075376,0.03196095064423615,0.039627789661231996,0.0,0.2308684287672252
nadai,FM,Quarto,250,0.029130969976093733,0.02223312105416335,0.024332933457046246,0.0,0.2035065056642867
nadai,FM,Áreas comuns,250,0.10018204892420625,0.08783011726233556,0.0778786481115785,0.0,0.426342485151023
nadai,GPAC,Atendimento da equipe,250,0.047845207973287354,0.0403998334027489,0.06546585724249121,0.0,0.9695960016659726
nadai,GPAC,Café da manhã,250,0.059654901976912596,0.05131912500394135,0.04806929007426744,0.0,0.2411302982731554
nadai,GPAC,Quarto,250,0.03238487322418028,0.0235950506186726,0.06532911056045247,0.0,0.9921259842519684
nadai,GPAC,Áreas comuns,250,0.1007628708418166,0.08910219311605234,0.08709225737669749,0.0,0.9673469387755104
nadai,HDy,Atendimento da equipe,250,0.026708329862557233,0.024189400249895902,0.019116604253084604,0.0,0.0951416076634735
nadai,HDy,Café da manhã,250,0.039160766091051735,0.03240188383045515,0.027514210585032246,0.0,0.1525149136577708
nadai,HDy,Quarto,250,0.040859392575927994,0.03194038245219345,0.03523699098388539,0.0,0.2309223847019124
nadai,HDy,Áreas comuns,250,0.033080040816326504,0.0245363520408163,0.029107470123593864,0.0,0.1927640306122449
nadai,MAX,Atendimento da equipe,250,0.0216001273686532,0.0201266313979928,0.016056323666738065,0.0,0.111679268428683
nadai,MAX,Café da manhã,250,0.042261664971889344,0.0353193025461932,0.03309279930176279,0.0,0.1443472158094006
nadai,MAX,Quarto,250,0.023695332325646756,0.01803590762092225,0.021245627786059727,0.0,0.1386287260967379
nadai,MAX,Áreas comuns,250,0.07839788355629328,0.06243970315398881,0.060225503883044866,0.0,0.3586087784396053
nadai,MS,Atendimento da equipe,250,0.02909779007190632,0.024656448866141198,0.020734695255403418,0.0,0.1017020552168741
nadai,MS,Café da manhã,250,0.04122759565182951,0.030674276120704648,0.03853731793257984,0.0,0.2458164939704342
nadai,MS,Quarto,250,0.024995315668056163,0.0202474690663667,0.02260161631839001,0.0,0.1241011789486081
nadai,MS,Áreas comuns,250,0.05764802950565704,0.042413354815610455,0.05576705888125411,0.0,0.4089287387085981
nadai,MS2,Atendimento da equipe,250,0.029025934768418766,0.024083739067929648,0.021826421312960833,0.0,0.1059554870300496
nadai,MS2,Café da manhã,250,0.038409262651999655,0.031585466871669,0.03277208900935188,0.0,0.2011508948194661
nadai,MS2,Quarto,250,0.025867416112781164,0.020312624037840753,0.021904881522953553,0.0,0.1386852106822665
nadai,MS2,Áreas comuns,250,0.05337559498360058,0.0404869783734389,0.04648315477924922,0.0,0.2916687266455878
nadai,PACC,Atendimento da equipe,250,0.030754902331502902,0.02626480833950465,0.02214462696230186,0.0,0.0967829308620701
nadai,PACC,Café da manhã,250,0.04973828711678477,0.04003709155099375,0.040362127029018965,0.0,0.1960680022171187
nadai,PACC,Quarto,250,0.02871644443962996,0.025204090472290802,0.021935951337938235,0.0,0.1320880219157646
nadai,PACC,Áreas comuns,250,0.06466129895823419,0.0554158238682756,0.046250879756749214,0.0,0.2457082848064956
nadai,PCC,Atendimento da equipe,250,0.05364567623143696,0.0493489225722981,0.03330832790291538,4.396723403585212e-05,0.1438244467679165
nadai,PCC,Café da manhã,250,0.0948994669378413,0.08004254847119299,0.06536542105776423,0.0003093304725158,0.2659726059076923
nadai,PCC,Quarto,250,0.09399449724689092,0.09544800216057364,0.05355800002659144,0.0005735538059618,0.2286361000467942
nadai,PCC,Áreas comuns,250,0.13091739687170054,0.1294047968472114,0.08396094023032234,0.0011742545387755,0.3455654356485202
nadai,PWK,Atendimento da equipe,250,0.03460221463974355,0.01730343559727605,0.0710485605910146,0.0002082465639316,0.5
nadai,PWK,Café da manhã,250,0.0979675406523137,0.09146359398460235,0.06752626113274303,0.001883830455259,0.29498273155416
nadai,PWK,Quarto,250,0.02923320584926878,0.02272215973003365,0.03692734680532396,0.0002024746906637,0.5
nadai,PWK,Áreas comuns,250,0.1084903911840039,0.0970447409733123,0.0774550716648719,0.0005303437164339,0.3418269230769231
nadai,SMM,Atendimento da equipe,250,0.03205872929386813,0.0302811516321788,0.02247482393743395,0.0,0.1369053202571697
nadai,SMM,Café da manhã,250,0.04610217689435931,0.03881679857454705,0.03466438686263524,0.0,0.1886866231773565
nadai,SMM,Quarto,250,0.030947709035525194,0.0243863343148858,0.027448983203720457,0.0,0.1599264162489658
nadai,SMM,Áreas comuns,250,0.06026723331191248,0.0530142648501117,0.04311562427595746,0.0,0.2279531926623844
nadai,SORD,Atendimento da equipe,250,0.03218573927530193,0.02747188671386925,0.022464266872727637,0.0,0.1205935027072053
nadai,SORD,Café da manhã,250,0.0441517613814756,0.03757613814756655,0.03476309350526387,0.0,0.2063673469387754
nadai,SORD,Quarto,250,0.023695208098987588,0.0202474690663667,0.01927029342339143,0.0,0.1226996625421822
nadai,SORD,Áreas comuns,250,0.05114605102040812,0.03939923469387755,0.046072258928231725,0.0,0.2950408163265305
nadai,T50,Atendimento da equipe,250,0.08532031209621753,0.07095565358485495,0.07177867702525026,0.0,0.4893603422039175
nadai,T50,Café da manhã,250,0.07030359577602598,0.0559637847866419,0.05626296928522522,0.0,0.2655648351648351
nadai,T50,Quarto,250,0.10431937768550369,0.08461203659554875,0.08438524124979892,0.0,0.3862601448516105
nadai,T50,Áreas comuns,250,0.19832343314237977,0.168109529776823,0.14548600368679535,0.0,0.7492342463301109
nadai,X_method,Atendimento da equipe,250,0.03229123043487721,0.030700212390505847,0.02269163532930044,0.0,0.0884957145920811
nadai,X_method,Café da manhã,250,0.055211809570422245,0.04677969945858415,0.043192715391357404,0.0,0.2211859143412679
nadai,X_method,Quarto,250,0.030726667388798593,0.0300824619144828,0.021533658498873353,0.0,0.1012373453318335
nadai,X_method,Áreas comuns,250,0.09345041505683177,0.08349984770027405,0.0704288756748024,0.0,0.4131377551020407
taroba,ACC,Atendimento da equipe,250,0.02527502859681207,0.018595442182193653,0.02633675309238543,0.0,0.2450880849645526
taroba,ACC,Banheiro,250,0.035122139988787195,0.0275149984485267,0.03086539836111801,0.0,0.2254561174171743
taroba,ACC,Café da manhã,250,0.033500778177995676,0.02343092300029525,0.033776201057146106,0.0,0.2168327436631045
taroba,ACC,Experiência,250,0.03733968319197931,0.03302797981918145,0.02534508470152599,0.0,0.1141348440511933
taroba,ACC,Localização,250,0.040045521465655105,0.0329343107648625,0.03312826037103139,0.0,0.1990785979746855
taroba,ACC,Quarto,250,0.024796969519991024,0.018158062739861952,0.027118942247153312,0.0,0.182823752493199
taroba,ACC,Restaurante/Bar,250,0.030417577689988408,0.02500199138888665,0.024147106537283816,0.0,0.1397308416445076
taroba,ACC,Áreas comuns,250,0.04237532051785496,0.03295871575470275,0.03212455446638815,0.0,0.1336092006364045
taroba,CC,Atendimento da equipe,250,0.03432355280108487,0.02713772946364475,0.027259724969313347,0.0,0.1955901958773458
taroba,CC,Banheiro,250,0.04570474280732342,0.03836076366030285,0.038616540154516696,0.0,0.1983870967741936
taroba,CC,Café da manhã,250,0.0661345698103442,0.059566132548342046,0.04797934391207129,0.0005977286312014,0.230053795576808
taroba,CC,Experiência,250,0.04701350939450382,0.0364065579962465,0.03781927658587424,0.0005193517545827,0.2513967993212322
taroba,CC,Localização,250,0.0637714681470954,0.0557227890482749,0.04638441133725564,0.0,0.1945727741646108
taroba,CC,Quarto,250,0.0574210662150148,0.0502266730499756,0.04384974224337105,0.0002443845462713,0.2785983827493261
taroba,CC,Restaurante/Bar,250,0.05442613124946672,0.04256801212055355,0.04467861120957784,0.0,0.2375565736498681
taroba,CC,Áreas comuns,250,0.061480811256305924,0.05423139693940595,0.04363808844955727,0.0002511578296467,0.2774892165067919
taroba,DyS,Atendimento da equipe,250,0.026825772601029984,0.021185010453155552,0.024731314017701535,4.447776692189872e-05,0.1461264488320053
taroba,DyS,Banheiro,250,0.0232709950390927,0.016938868797930252,0.020691965590059758,2.485294119813908e-05,0.0876929145494582
taroba,DyS,Café da manhã,250,0.029254222583852373,0.0216673318450167,0.02737435045228776,4.4365982357051376e-05,0.1619455878878665
taroba,DyS,Experiência,250,0.019304262905296563,0.013273962922449499,0.019587686622094137,3.0119274717355093e-06,0.1502575171722008
taroba,DyS,Localização,250,0.03596457397313476,0.030951870899115698,0.029447160061080262,4.406280729981043e-05,0.2218699317633608
taroba,DyS,Quarto,250,0.022509862132417627,0.01620936389081315,0.025299655059671695,8.602059408002738e-06,0.2140258836094482
taroba,DyS,Restaurante/Bar,250,0.018877182526705175,0.01343173787629105,0.019138291008663835,4.424931653707271e-05,0.1199548060364611
taroba,DyS,Áreas comuns,250,0.0246144891998406,0.0167020758177727,0.02565445801493964,4.441185021791458e-05,0.1934362738277891
taroba,EMQ,Atendimento da equipe,250,0.022959071075635655,0.01693176271066785,0.026438249965705655,3.417882477149865e-10,0.2034127609168687
taroba,EMQ,Banheiro,250,0.15432208081836224,0.16057655868212412,0.07463980893306721,2.484601066554681e-14,0.3805049456010085
taroba,EMQ,Café da manhã,250,0.06304392051787056,0.0591120953705241,0.038669843418723676,1.6612508986772918e-07,0.2431721412173938
taroba,EMQ,Experiência,250,0.027194351903503243,0.022133267900431998,0.022159411825971653,6.60423792671512e-09,0.1223292373007089
taroba,EMQ,Localização,250,0.3464795347264519,0.3735481281639716,0.16604111867670257,0.0,0.7330172784166509
taroba,EMQ,Quarto,250,0.03766532036358845,0.03147545805915415,0.03207626456259695,2.087469050539954e-07,0.2275770885542275
taroba,EMQ,Restaurante/Bar,250,0.08945194234767954,0.0890110876731165,0.04542820947172059,2.788567987632717e-16,0.2995253727931724
taroba,EMQ,Áreas comuns,250,0.0794322532060454,0.07567847760511259,0.0447021090558007,1.832217383672049e-09,0.3506670719843403
taroba,FM,Atendimento da equipe,250,0.029360658720457927,0.0228140770497883,0.027601848705681855,0.0,0.1603732275629255
taroba,FM,Banheiro,250,0.056048833787273815,0.04262662971031775,0.05119189404441802,0.0,0.2725720998935965
taroba,FM,Café da manhã,250,0.03600159754855678,0.0246658708970185,0.03645632578731662,0.0,0.2648797140462938
taroba,FM,Experiência,250,0.02438965257541446,0.018055980264713452,0.022849702381313536,0.0,0.131022569021002
taroba,FM,Localização,250,0.08175123180472145,0.06716914311687,0.0649746606673248,0.0,0.3834940569634447
taroba,FM,Quarto,250,0.028040369316186784,0.020387056111124402,0.030643192256679528,0.0,0.2450828753925968
taroba,FM,Restaurante/Bar,250,0.030944304804723988,0.01960848691172435,0.0309235484223772,0.0,0.1796992816468228
taroba,FM,Áreas comuns,250,0.028214984678680808,0.0189846043223883,0.028931223462319692,0.0,0.2016946148078326
taroba,GPAC,Atendimento da equipe,250,0.032946575673624516,0.0181404229942713,0.08974122008641017,0.0,0.9983249581239528
taroba,GPAC,Banheiro,250,0.03614122307233409,0.0265503158987705,0.03336091368767895,0.0,0.1919239788580317
taroba,GPAC,Café da manhã,250,0.03680380339528135,0.026746928045110002,0.03572636587868526,0.0,0.2309515035300961
taroba,GPAC,Experiência,250,0.042254402338530735,0.03641870511926835,0.06470842498490284,0.0,0.972226484578794
taroba,GPAC,Localização,250,0.06700478091695702,0.03559542163111645,0.15877805996766728,0.0,0.989010989010989
taroba,GPAC,Quarto,250,0.026653532655739155,0.01920593932578365,0.025678791842653027,0.0,0.1585852306002285
taroba,GPAC,Restaurante/Bar,250,0.03732229815132707,0.02273700922492025,0.08895896851090027,0.0,0.9931972789115644
taroba,GPAC,Áreas comuns,250,0.0403438866843399,0.033370615630400696,0.032184827453364144,0.0,0.1539923569225999
taroba,HDy,Atendimento da equipe,250,0.0316640153146685,0.022615116398318,0.03375529724025122,0.0,0.2360325436707346
taroba,HDy,Banheiro,250,0.03375860105332453,0.0285940585911783,0.026868451345856293,0.0,0.1341137261356155
taroba,HDy,Café da manhã,250,0.030261422594142193,0.02067842199641355,0.0323896773593071,0.0,0.1857501494321577
taroba,HDy,Experiência,250,0.023101316556697817,0.01909007211907315,0.02046339378710623,0.0,0.1253767070738069
taroba,HDy,Localização,250,0.030606862525229823,0.02300964341780665,0.02681846330975438,0.0,0.1441130298273156
taroba,HDy,Quarto,250,0.025833483078766064,0.01939802336028745,0.02422809916897709,0.0,0.1234141958670261
taroba,HDy,Restaurante/Bar,250,0.02609757600999579,0.018293072330973097,0.02680357132650925,0.0,0.164080244342635
taroba,HDy,Áreas comuns,250,0.033765392390394625,0.027209811369342647,0.026642494923246125,0.0,0.1282675593896865
taroba,MAX,Atendimento da equipe,250,0.02255599693694273,0.017921772227794203,0.018764008502240782,0.0,0.121476412906181
taroba,MAX,Banheiro,250,0.028029947435052476,0.0227817036817347,0.025149762413539847,0.0,0.1645253015225592
taroba,MAX,Café da manhã,250,0.02916961244114891,0.0208565891721939,0.029984852625926345,0.0,0.2524092716817625
taroba,MAX,Experiência,250,0.01957408584241598,0.015122756666396349,0.018762227565248826,0.0,0.1043143735439915
taroba,MAX,Localização,250,0.04090521072306443,0.0349631663220573,0.030694175048882874,0.0,0.1878992219143971
taroba,MAX,Quarto,250,0.02707410846889642,0.0203653788559449,0.0252550595610352,0.0,0.1640278562031541
taroba,MAX,Restaurante/Bar,250,0.02481539226514033,0.0187372908347011,0.02242751702219078,0.0,0.1337649716658464
taroba,MAX,Áreas comuns,250,0.026108636699842716,0.0172014820825303,0.028850493088789383,0.0,0.2028654886812393
taroba,MS,Atendimento da equipe,250,0.029796619294577224,0.02637011285469145,0.021181444052801007,0.0,0.1384460772343429
taroba,MS,Banheiro,250,0.044774965843216885,0.03865897738950435,0.03718468185262016,0.0,0.1821922317314023
taroba,MS,Café da manhã,250,0.03793510255294752,0.03159973107423445,0.031151565341963283,0.0,0.1563675674080001
taroba,MS,Experiência,250,0.026538276105195817,0.0202547184287249,0.0229118275711609,0.0,0.1438358515169016
taroba,MS,Localização,250,0.03522817036446787,0.02873481349379585,0.029627303885240333,0.0,0.1384345715321255
taroba,MS,Quarto,250,0.027390518421493516,0.020311942004014,0.029527886651204233,0.0,0.1761909140317447
taroba,MS,Restaurante/Bar,250,0.023766679995696625,0.0202693322226849,0.02023491530268477,0.0,0.1405182552687394
taroba,MS,Áreas comuns,250,0.02514347442231457,0.0187600154172581,0.02356160932801403,0.0,0.121942740026827
taroba,MS2,Atendimento da equipe,250,0.02799755809397283,0.0243960106940209,0.020400331605053217,0.0,0.1574196220007425
taroba,MS2,Banheiro,250,0.04912499399205938,0.0404871626069783,0.040440689762011976,0.0,0.2624486964767521
taroba,MS2,Café da manhã,250,0.03294654340715224,0.02673221115007745,0.028819395097676823,0.0,0.1608505451856171
taroba,MS2,Experiência,250,0.026910291425738062,0.0209499019705237,0.022683235122070097,0.0,0.129522172778886
taroba,MS2,Localização,250,0.032278823579681454,0.024387066443222798,0.028834105894974357,0.0,0.1523888000402432
taroba,MS2,Quarto,250,0.02895906835923323,0.01962130278962215,0.0343915333150245,0.0,0.2102108239571871
taroba,MS2,Restaurante/Bar,250,0.023646650843930632,0.0178866711066955,0.021227219253593773,0.0,0.1183980015206941
taroba,MS2,Áreas comuns,250,0.028400752172632937,0.0197700222313825,0.03209018771308786,0.0,0.2198505068466273
taroba,PACC,Atendimento da equipe,250,0.03293639010566549,0.0292695158995784,0.025217390155290804,0.0,0.2033517295088944
taroba,PACC,Banheiro,250,0.05366974824017095,0.04331963739940005,0.04232654367322172,0.0,0.2084027621505427
taroba,PACC,Café da manhã,250,0.040939957704502095,0.03229682146428545,0.03453695167068018,0.0,0.2091326677139056
taroba,PACC,Experiência,250,0.02725121331589077,0.021166555390446352,0.022765044036628795,0.0,0.1071058847202214
taroba,PACC,Localização,250,0.03761650062348076,0.03150798180972325,0.030059179470978737,0.0,0.1515072256722597
taroba,PACC,Quarto,250,0.025096878224604775,0.0179206659267988,0.02515211634651435,0.0,0.1471286099965537
taroba,PACC,Restaurante/Bar,250,0.03210455329990938,0.02831259894255435,0.023634142081173613,0.0002252769005423,0.1337414083385581
taroba,PACC,Áreas comuns,250,0.029217052484747808,0.022565364818367697,0.026295773008330393,0.0,0.1455805189765352
taroba,PCC,Atendimento da equipe,250,0.07133241762326414,0.06318389433260671,0.04811310764887785,0.0006967689928101,0.1915294000996109
taroba,PCC,Banheiro,250,0.08980026380490873,0.08868997914105654,0.05296441556203422,0.0001735026088676,0.2159961844799209
taroba,PCC,Café da manhã,250,0.08386984149503877,0.07327652249269695,0.05767977744257867,0.000865442019426,0.2371115366865679
taroba,PCC,Experiência,250,0.0819432280534654,0.06943544454649375,0.06138154274466922,1.1979858447197513e-05,0.247710259503747
taroba,PCC,Localização,250,0.09271970243290366,0.08854953669881124,0.05551422847336527,2.808847050897456e-05,0.2319495775056289
taroba,PCC,Quarto,250,0.09798635381111004,0.0938751529614348,0.057966814492407905,0.0016757704590956,0.2604832719048816
taroba,PCC,Restaurante/Bar,250,0.07324266694881493,0.0684521342273792,0.04801228092481227,0.0009540532228237,0.2100660517504483
taroba,PCC,Áreas comuns,250,0.10244806917078532,0.1028649763502539,0.061083077103001544,0.0007156425601947,0.2441167084401467
taroba,PWK,Atendimento da equipe,250,0.03675990145651429,0.027852869791132398,0.041344789000169496,6.836905616516842e-05,0.5
taroba,PWK,Banheiro,250,0.049849997331103284,0.0404871626069782,0.04736490118429436,0.0,0.4999999999999999
taroba,PWK,Café da manhã,250,0.06936854269138902,0.0588762701733412,0.04874685731875098,0.0016258218768678,0.2373699940227136
taroba,PWK,Experiência,250,0.05063764497586187,0.0375479515114316,0.04686740149643571,0.0,0.4999999999999999
taroba,PWK,Localização,250,0.07417641488619112,0.0540007790276318,0.08450582635828069,0.0002242655303879,0.5
taroba,PWK,Quarto,250,0.05580602140615035,0.04955375861036235,0.04071673633394637,0.0002994908655285,0.2378676250374362
taroba,PWK,Restaurante/Bar,250,0.05833269272216421,0.0411283177463935,0.07006157580373241,0.0003685333131398,0.5
taroba,PWK,Áreas comuns,250,0.0650325400463063,0.061988707154786146,0.04442454779368183,0.0002393386376632,0.2188991180068241
taroba,SMM,Atendimento da equipe,250,0.03194023393510629,0.02897281074802905,0.022544273612895793,0.0,0.1342015377448482
taroba,SMM,Banheiro,250,0.05730500890006399,0.0486324913399741,0.04663427031825842,0.0,0.264311334565754
taroba,SMM,Café da manhã,250,0.03925099151611931,0.0340855215241995,0.030616973887357454,0.0,0.2129380667120844
taroba,SMM,Experiência,250,0.02952137360089732,0.02305357541921835,0.023956428927372268,0.0,0.1036726786092007
taroba,SMM,Localização,250,0.04288690574292972,0.0376954118228447,0.03148377921813539,0.0,0.1466194408034485
taroba,SMM,Quarto,250,0.02731510410800085,0.02020214617282885,0.0290463681542724,0.0,0.2281220569065591
taroba,SMM,Restaurante/Bar,250,0.031878123826976835,0.0297641293646286,0.021997621052594826,0.0,0.127144579300779
taroba,SMM,Áreas comuns,250,0.02789044125867521,0.01998890330396515,0.027772350231194606,0.0,0.1919159996505575
taroba,SORD,Atendimento da equipe,250,0.02968977677503155,0.0258749529962737,0.023098280973531064,0.0,0.1432290705226814
taroba,SORD,Banheiro,250,0.03744900592495057,0.029758064516128953,0.03181014297475963,0.0,0.1787508229098091
taroba,SORD,Café da manhã,250,0.03450481769276742,0.027130902570232998,0.031240859115653948,0.0,0.1764016736401674
taroba,SORD,Experiência,250,0.02315924505140398,0.017216510664416047,0.02117763532710427,0.0,0.1257818014423815
taroba,SORD,Localização,250,0.03262202287508405,0.02492711370262385,0.03132405050016446,0.0,0.2151603498542274
taroba,SORD,Quarto,250,0.026239568733153612,0.0193471099131476,0.02660316882641139,0.0,0.1810482180293501
taroba,SORD,Restaurante/Bar,250,0.024845336665278314,0.0216881854782728,0.020323137573191506,0.0,0.1351964459253088
taroba,SORD,Áreas comuns,250,0.025625844331423384,0.0185128436232537,0.026350923553633807,0.0,0.1717015386596278
taroba,T50,Atendimento da equipe,250,0.04863490979563072,0.03410160501476785,0.0487064339243869,0.0,0.283967115307708
taroba,T50,Banheiro,250,0.11891674433425578,0.1122823029505056,0.08290887983208656,0.0,0.4231276557543837
taroba,T50,Café da manhã,250,0.07720873668467965,0.05388798800429585,0.07457503036228456,0.0,0.4756560869567954
taroba,T50,Experiência,250,0.07330872047621499,0.0591232271373924,0.0654570891032213,0.0,0.3133109667534878
taroba,T50,Localização,250,0.07204979496061839,0.05711391965506505,0.06038127584796705,0.0,0.2756714544247892
taroba,T50,Quarto,250,0.06567678602814654,0.04218306823355375,0.06999197853584782,0.0,0.4662822903341028
taroba,T50,Restaurante/Bar,250,0.16510064676802394,0.1547169533296903,0.12381281172691619,0.0,0.6083333333333333
taroba,T50,Áreas comuns,250,0.05448748486985611,0.0371863319581166,0.05346976085030982,0.0,0.2848129788192879
taroba,X_method,Atendimento da equipe,250,0.024020265051138107,0.0201734455246349,0.020875808759211696,0.0,0.1707293178341236
taroba,X_method,Banheiro,250,0.026575947475417087,0.021406638992373002,0.022172203470643834,0.0,0.138124261209557
taroba,X_method,Café da manhã,250,0.028231831782111035,0.01832246370081915,0.031735961619641595,0.0,0.2653189541109089
taroba,X_method,Experiência,250,0.02168900949853575,0.019055607193594448,0.020235394081020826,0.0,0.1460313523341385
taroba,X_method,Localização,250,0.06641861699392769,0.06370394719561095,0.042878469317969306,0.0,0.1823800316330953
taroba,X_method,Quarto,250,0.02769821702135614,0.0207378811763284,0.026904650280325768,0.0,0.1614063138426422
taroba,X_method,Restaurante/Bar,250,0.028606325127556422,0.02264238994111375,0.02421028976987681,0.0,0.1469158572236788
taroba,X_method,Áreas comuns,250,0.044428382790082384,0.0391583119966744,0.03504116768526671,0.0,0.2203155888329177
viale_cataratas,ACC,Atendimento da equipe,250,0.026690311967704234,0.0245477223147323,0.017701729744034722,0.0,0.0740754366262632
viale_cataratas,ACC,Café da manhã,250,0.07655686898820986,0.06419791011684334,0.06097373423649129,0.0,0.3637861771214509
viale_cataratas,ACC,Experiência,250,0.02481931677018632,0.02149778172138425,0.017933143471567922,0.0,0.0675598935226265
viale_cataratas,ACC,Quarto,250,0.044639888385472185,0.036924267586893905,0.03512000385670461,0.0,0.1669812144417637
viale_cataratas,ACC,Restaurante/Bar,250,0.060048528398594515,0.04523255229649685,0.053141857236282966,0.0,0.344121462490264
viale_cataratas,ACC,Áreas comuns,250,0.046860143084985144,0.04052859421280465,0.03650591509023822,0.0,0.2279143848927129
viale_cataratas,CC,Atendimento da equipe,250,0.014510538128294734,0.01206482593037215,0.011707232123093247,0.0,0.0598869982775719
viale_cataratas,CC,Café da manhã,250,0.0978785638636725,0.0875778451477208,0.06905901960756616,0.0004354398764336,0.3071302595112118
viale_cataratas,CC,Experiência,250,0.013781366459627246,0.012921472937000751,0.00929239988274847,0.0,0.0383318544809227
viale_cataratas,CC,Quarto,250,0.051068032132306054,0.045450518861257255,0.03858220538814794,0.0,0.1911824271693409
viale_cataratas,CC,Restaurante/Bar,250,0.09737914818101145,0.08060669920141961,0.07166456677315426,0.0015971606033717,0.3697426796805678
viale_cataratas,CC,Áreas comuns,250,0.06745012531328314,0.05670426065162895,0.05179334700141543,0.0,0.2293734335839598
viale_cataratas,DyS,Atendimento da equipe,250,0.01314373911087132,0.0094982298578839,0.01276613755631319,4.389721178223605e-05,0.0942172180753097
viale_cataratas,DyS,Café da manhã,250,0.10383711875046289,0.09503417970443645,0.07911020531105589,0.0002104602391761,0.3698571561564849
viale_cataratas,DyS,Experiência,250,0.023222694520002213,0.019784757398260452,0.017930174288634426,4.3583863742212986e-05,0.0855906874786601
viale_cataratas,DyS,Quarto,250,0.04377876191090151,0.037975043443468054,0.03477382354479237,4.421229943656351e-05,0.2431502364000569
viale_cataratas,DyS,Restaurante/Bar,250,0.047503337929859675,0.033864842349379407,0.04440217046466564,4.358386374221125e-05,0.243212598263711
viale_cataratas,DyS,Áreas comuns,250,0.03813643155189621,0.0291284646668287,0.03266510659283995,4.377077309940768e-05,0.1691505655371291
viale_cataratas,EMQ,Atendimento da equipe,250,0.05149387325206176,0.04763297070279895,0.0357460923626422,2.6020852139652106e-18,0.1471016094625077
viale_cataratas,EMQ,Café da manhã,250,0.1062672358103025,0.08727291509067385,0.08331517074507613,6.947120054787495e-07,0.3781097687278808
viale_cataratas,EMQ,Experiência,250,0.02856362143244432,0.022909561591808097,0.0223698552964672,2.661065812148422e-15,0.1143087618020149
viale_cataratas,EMQ,Quarto,250,0.03246597291487909,0.0261363357855749,0.02911736697808286,2.5202417260755672e-08,0.1696757872134973
viale_cataratas,EMQ,Restaurante/Bar,250,0.11736403426490107,0.10425553704029555,0.07547766279914586,8.673617379884035e-19,0.4046252372601945
viale_cataratas,EMQ,Áreas comuns,250,0.08179918788245612,0.07128916152894324,0.05805430975517478,4.574894890002623e-11,0.3609000018518648
viale_cataratas,FM,Atendimento da equipe,250,0.05020185069188532,0.0476044629217564,0.03449620870880403,0.0,0.1555020738368534
viale_cataratas,FM,Café da manhã,250,0.09370644441724071,0.0774153561184574,0.07289160168679981,0.0,0.3100661943245831
viale_cataratas,FM,Experiência,250,0.024401654563066956,0.018686766629512852,0.022018858754639683,0.0,0.1435314308134673
viale_cataratas,FM,Quarto,250,0.054740450033609146,0.0488406221633806,0.03903404860743514,0.0,0.202523757594641
viale_cataratas,FM,Restaurante/Bar,250,0.05574688480206884,0.0381346036456428,0.0569158049447015,0.0,0.3065139104725045
viale_cataratas,FM,Áreas comuns,250,0.04491306741406736,0.03217931193806475,0.04410141738015163,0.0,0.2716641682589766
viale_cataratas,GPAC,Atendimento da equipe,250,0.034514316301555596,0.025653003136738448,0.08705356218909041,0.0,0.9852941176470588
viale_cataratas,GPAC,Café da manhã,250,0.08181741951631935,0.06983812333501005,0.06220718814677691,0.0,0.3448391511892574
viale_cataratas,GPAC,Experiência,250,0.06315117125110913,0.0235581188997338,0.1859707856838031,0.0,0.9782608695652174
viale_cataratas,GPAC,Quarto,250,0.04404461989478376,0.036897378929661245,0.033895670881381394,0.0,0.1638317209331073
viale_cataratas,GPAC,Restaurante/Bar,250,0.06860174526623966,0.0556718508047293,0.07717963181752853,0.0,0.95829636202307
viale_cataratas,GPAC,Áreas comuns,250,0.04197908203664238,0.033706351440097454,0.032986615439723616,0.0,0.1524131183573908
viale_cataratas,HDy,Atendimento da equipe,250,0.03153383553421366,0.0256377551020408,0.024845320109126642,0.0,0.1409573829531812
viale_cataratas,HDy,Café da manhã,250,0.10571997732426297,0.10100245653817075,0.06617860086203445,0.0,0.347224111866969
viale_cataratas,HDy,Experiência,250,0.024342324755989287,0.0199645075421472,0.020646292799792985,0.0,0.11928793256433
viale_cataratas,HDy,Quarto,250,0.06972244897959182,0.06673157812743416,0.043291528804126296,0.0,0.2350288206885808
viale_cataratas,HDy,Restaurante/Bar,250,0.03951255545696536,0.029048358473824303,0.035760435478391105,0.0,0.1717945874001774
viale_cataratas,HDy,Áreas comuns,250,0.04114726817042604,0.03162907268170425,0.03469044117847113,0.0,0.1962907268170426
viale_cataratas,MAX,Atendimento da equipe,250,0.01960250773444383,0.0178220761989005,0.013130010756336736,0.0,0.0503420736715739
viale_cataratas,MAX,Café da manhã,250,0.06999511226957367,0.0603129119569537,0.05661944776925274,8.259890439568651e-05,0.3101407142467524
viale_cataratas,MAX,Experiência,250,0.01378136645962725,0.012921472937000751,0.009292399882748466,0.0,0.0383318544809227
viale_cataratas,MAX,Quarto,250,0.05308078552097573,0.0469172992676464,0.039872752222852324,0.0,0.2075838716973257
viale_cataratas,MAX,Restaurante/Bar,250,0.04851062163996027,0.0367581815334829,0.04586942162679421,0.0,0.2583642152513178
viale_cataratas,MAX,Áreas comuns,250,0.04872159298661588,0.04147102715294455,0.03889379514771871,0.0,0.2235830239499162
viale_cataratas,MS,Atendimento da equipe,250,0.0270260274276172,0.023023827487059702,0.019597704556838843,0.0,0.1018308182872003
viale_cataratas,MS,Café da manhã,250,0.08916481075710879,0.07996621635166401,0.07187109542147752,0.0,0.4198337112622825
viale_cataratas,MS,Experiência,250,0.016987123224072313,0.015369343389529552,0.012627358667445066,0.0,0.0684523809523809
viale_cataratas,MS,Quarto,250,0.05055961169490038,0.04698086854657915,0.0340481462087589,0.0,0.1666991285497955
viale_cataratas,MS,Restaurante/Bar,250,0.07018735431995066,0.058535936113575854,0.05515148530051631,0.0,0.3183141082519964
viale_cataratas,MS,Áreas comuns,250,0.04532544941385109,0.0401002506265664,0.039282789868779255,0.0,0.2756439485811301
viale_cataratas,MS2,Atendimento da equipe,250,0.02705224162094521,0.02439251562159305,0.020050993113539577,0.0,0.1046740556687791
viale_cataratas,MS2,Café da manhã,250,0.08964527310343381,0.0771222121723843,0.06719097328657439,0.0,0.2958165235264559
viale_cataratas,MS2,Experiência,250,0.01687075915600167,0.01499334516415255,0.012993797047825759,0.0,0.053360692102928
viale_cataratas,MS2,Quarto,250,0.05320584278917182,0.051394424441005296,0.03597903581476816,0.0,0.1584262731731062
viale_cataratas,MS2,Restaurante/Bar,250,0.06148370357181106,0.051908774258687,0.048884545389540734,0.0,0.2493893948430145
viale_cataratas,MS2,Áreas comuns,250,0.04175336048925224,0.0363984740702637,0.032487332701295016,0.0,0.1684552494341778
viale_cataratas,PACC,Atendimento da equipe,250,0.028938587286567265,0.0228770927605654,0.02180593787945216,0.0,0.0993292557399672
viale_cataratas,PACC,Café da manhã,250,0.09956698070507564,0.0864787445441374,0.07468336420051583,0.0004268491828334,0.3945411781279488
viale_cataratas,PACC,Experiência,250,0.02258758743812105,0.019528050919201498,0.017736301828664813,0.0,0.0987554837710793
viale_cataratas,PACC,Quarto,250,0.06256096016779199,0.06037491368790025,0.04101841045103101,0.0,0.2307006739851171
viale_cataratas,PACC,Restaurante/Bar,250,0.07200786000572737,0.05816354709450925,0.061584854318291006,0.0,0.2958287946029555
viale_cataratas,PACC,Áreas comuns,250,0.05108386732586839,0.044314764298395246,0.0371366965747578,0.0,0.1925015827148546
viale_cataratas,PCC,Atendimento da equipe,250,0.047488313185679906,0.040415313087357796,0.03365984217604037,0.0003553623697478,0.1559879594332412
viale_cataratas,PCC,Café da manhã,250,0.14723028360896614,0.12446161068775444,0.10351441954092466,0.0049366314743008,0.4351877088120157
viale_cataratas,PCC,Experiência,250,0.04863065646124989,0.04436251968833175,0.0346392074524379,2.4262883762227183e-05,0.1574918508106477
viale_cataratas,PCC,Quarto,250,0.09830513133137525,0.0905292322766369,0.06612374685642892,0.0006383168426122,0.3408708007070259
viale_cataratas,PCC,Restaurante/Bar,250,0.09900251845687155,0.08642866864707185,0.07482642610271986,8.680193212151632e-06,0.3545735719347826
viale_cataratas,PCC,Áreas comuns,250,0.10690544846804896,0.095905168459198,0.06631945568726264,0.0001965925488721,0.2635168912949038
viale_cataratas,PWK,Atendimento da equipe,250,0.03387459992692723,0.012064825930372,0.09611842486867064,0.0,0.5
viale_cataratas,PWK,Café da manhã,250,0.0995839473857175,0.08800815011995125,0.07703493328181318,0.0003779289493575,0.3909901738473166
viale_cataratas,PWK,Experiência,250,0.043382076308784295,0.014424356699201349,0.11592977199296688,0.0,0.4999999999999999
viale_cataratas,PWK,Quarto,250,0.049904682816915735,0.044187001657012545,0.035457959185445115,0.001376375051614,0.1952329023212338
viale_cataratas,PWK,Restaurante/Bar,250,0.09876091393078965,0.08499889086069196,0.07266443380409035,5.551115123125783e-17,0.4999999999999999
viale_cataratas,PWK,Áreas comuns,250,0.07155869674185455,0.061892230576441,0.058156807045161026,0.0004177109440267,0.5
viale_cataratas,SMM,Atendimento da equipe,250,0.031168496225931947,0.025648883338996703,0.023288561499427672,0.0,0.1356402384669307
viale_cataratas,SMM,Café da manhã,250,0.09439092325850687,0.07744428501889025,0.0762015898833505,0.001078820302708,0.431968381478174
viale_cataratas,SMM,Experiência,250,0.022501709892091607,0.01887307559448145,0.017821866778269996,0.0,0.121587579202937
viale_cataratas,SMM,Quarto,250,0.056837887013834985,0.05351302157213765,0.03704732965506794,0.0,0.1637817013682589
viale_cataratas,SMM,Restaurante/Bar,250,0.06996099333655674,0.0598935226264418,0.05252658714174359,0.0,0.2809772718753352
viale_cataratas,SMM,Áreas comuns,250,0.048266460178489116,0.0401002506265665,0.03734540009644012,0.0,0.2175377186604468
viale_cataratas,SORD,Atendimento da equipe,250,0.026918235294117583,0.0231242496998799,0.019468476727888113,0.0,0.0864645858343338
viale_cataratas,SORD,Café da manhã,250,0.09080987150415716,0.07160808767951621,0.07734591035406285,0.0,0.3823771730914588
viale_cataratas,SORD,Experiência,250,0.015415794143744402,0.0129769299023956,0.011910467384188906,0.0,0.066282165039929
viale_cataratas,SORD,Quarto,250,0.05335771927091444,0.0528587007322013,0.034887754747869634,0.0,0.1531079607415484
viale_cataratas,SORD,Restaurante/Bar,250,0.055946938775510144,0.0428238686779059,0.047405698545517745,0.0,0.2405723158828748
viale_cataratas,SORD,Áreas comuns,250,0.05017744360902251,0.033784461152882195,0.0514327086008213,0.0,0.3823558897243107
viale_cataratas,T50,Atendimento da equipe,250,0.09802199076369672,0.080149858856586,0.08171662009181371,0.0,0.4025295118047218
viale_cataratas,T50,Café da manhã,250,0.12005437493068677,0.09394759175493525,0.09558819985749463,0.0001667449266675,0.4718464562377154
viale_cataratas,T50,Experiência,250,0.0731400422888859,0.0587891030602805,0.05977295652702336,0.0,0.2395740905057675
viale_cataratas,T50,Quarto,250,0.06619464504152858,0.04541140894620415,0.05906418200625357,0.0,0.2743440408570403
viale_cataratas,T50,Restaurante/Bar,250,0.10780369171551044,0.08292300386167935,0.08696737038574598,0.0,0.5330664108876864
viale_cataratas,T50,Áreas comuns,250,0.10306674528645263,0.08355910523195956,0.07452401068240232,0.0,0.3463430360132696
viale_cataratas,X_method,Atendimento da equipe,250,0.017599321023976763,0.015997429341539297,0.013289638230938405,0.0,0.0773437253805527
viale_cataratas,X_method,Café da manhã,250,0.08837118360530823,0.07132988998068365,0.06860983690717908,0.0007418605302204,0.5104927773578567
viale_cataratas,X_method,Experiência,250,0.01378136645962725,0.012921472937000751,0.009292399882748466,0.0,0.0383318544809227
viale_cataratas,X_method,Quarto,250,0.0473098814026166,0.039135247584762056,0.03959970703476082,0.0,0.2525120254151946
viale_cataratas,X_method,Restaurante/Bar,250,0.07845122114173406,0.0617298894839331,0.05874646192723033,0.0,0.2553565235407781
viale_cataratas,X_method,Áreas comuns,250,0.05532347993270847,0.048258660349503796,0.042959907164177934,0.0,0.2560648195832046
viale_tower,ACC,Atendimento da equipe,250,0.04262252476583047,0.03645945869971835,0.03478930014027087,0.0,0.2355525313258488
viale_tower,ACC,Café da manhã,250,0.05580049560025346,0.0515526586033775,0.03969539513966533,0.0,0.2255825553064675
viale_tower,ACC,Experiência,250,0.09840033470609043,0.0812247557003257,0.07741616271749825,0.0,0.3930482294840811
viale_tower,ACC,Localização,250,0.09259286437652665,0.07891018150916845,0.07139544637911832,0.0002838155431334,0.3767935150638004
viale_tower,ACC,Quarto,250,0.04726103146338376,0.04271716762741985,0.03799113359610146,0.0,0.1989716860148241
viale_tower,ACC,Áreas comuns,250,0.049350864569073095,0.0450562888108335,0.03335683885808298,0.0,0.1770278948853236
viale_tower,CC,Atendimento da equipe,250,0.04514924382976325,0.04101309945465785,0.03261758155599437,0.000210828132906,0.1934896272558609
viale_tower,CC,Café da manhã,250,0.06240274477672709,0.04803702731092425,0.05069341450399488,0.0,0.2555357142857143
viale_tower,CC,Experiência,250,0.16661592892277116,0.1408,0.11912652075600345,6.938893903907228e-18,0.4641860465116278
viale_tower,CC,Localização,250,0.1511406533920242,0.11838849003933699,0.11179099601372634,0.0,0.4516678395496128
viale_tower,CC,Quarto,250,0.06357093713394786,0.05628856193640245,0.042831613867151716,0.0,0.2580825818699573
viale_tower,CC,Áreas comuns,250,0.039129989487508274,0.03419624892210405,0.029864608874149625,0.0001437194596148,0.1758953722334004
viale_tower,DyS,Atendimento da equipe,250,0.04037539180188038,0.0404348173255186,0.026429844064463217,4.418419244392805e-05,0.145960342459965
viale_tower,DyS,Café da manhã,250,0.040543078525845835,0.032948221391767396,0.03320953211144532,4.385626289058007e-05,0.196699705424177
viale_tower,DyS,Experiência,250,0.0484542063210703,0.0405286793542574,0.03649017992228856,4.366134616666517e-05,0.1744308635277394
viale_tower,DyS,Localização,250,0.07735822823297732,0.06544000201466196,0.06450444606937739,0.0002543457325003,0.4183119961557788
viale_tower,DyS,Quarto,250,0.03443147231598905,0.027877773057840498,0.03102300988807072,4.4293368500926975e-05,0.159664368686881
viale_tower,DyS,Áreas comuns,250,0.019741438829088364,0.01445284854677635,0.019133466854902685,1.389255308116566e-05,0.1334436852336745
viale_tower,EMQ,Atendimento da equipe,250,0.029323178942709596,0.02387637728230095,0.023751243728002136,5.839151644843055e-12,0.1214225762051673
viale_tower,EMQ,Café da manhã,250,0.10331520541394042,0.10225888822461225,0.05709448657495226,5.85843613204462e-12,0.3676579857504328
viale_tower,EMQ,Experiência,250,0.07549610932361331,0.0577004668085721,0.062066964564145406,4.2422276629039406e-11,0.3165070050253302
viale_tower,EMQ,Localização,250,0.18255307900338644,0.16873753378463854,0.1192428491729074,0.001597730362159,0.5072894191504926
viale_tower,EMQ,Quarto,250,0.06492498260094216,0.06597601635355205,0.04630870097883533,1.4413678521346326e-08,0.2880455594554408
viale_tower,EMQ,Áreas comuns,250,0.15027423355511665,0.14849269877995225,0.06323379182109497,0.0,0.3805181836653115
viale_tower,FM,Atendimento da equipe,250,0.04937410576466831,0.04318523548287505,0.03794131298148531,0.0,0.1967947170923389
viale_tower,FM,Café da manhã,250,0.04862809741376453,0.0401785714285714,0.03982259911512501,0.0,0.1943398779521447
viale_tower,FM,Experiência,250,0.07155259855557076,0.06294389597448274,0.055038263078847016,0.0,0.3532655877504344
viale_tower,FM,Localização,250,0.2133041637935545,0.183911841268839,0.14799968769366523,0.000179236516277,0.6910952494706437
viale_tower,FM,Quarto,250,0.0616394727469967,0.05261903048179,0.04469190152008214,0.0,0.284214993064811
viale_tower,FM,Áreas comuns,250,0.06894812642361292,0.05531823088003945,0.058594894893493156,0.0,0.2696350867212733
viale_tower,GPAC,Atendimento da equipe,250,0.041302307401162114,0.0370584575130029,0.03215476318648188,0.0,0.181193459209988
viale_tower,GPAC,Café da manhã,250,0.06493867682233238,0.04650862191921485,0.10705084856757378,0.0,0.984375
viale_tower,GPAC,Experiência,250,0.0877964058885132,0.07376881767761245,0.0684673143051509,0.0,0.2992964169381107
viale_tower,GPAC,Localização,250,0.09401225242898345,0.0786145980044905,0.0735906217443665,0.0005110987219839,0.4155071088689057
viale_tower,GPAC,Quarto,250,0.04523922774900967,0.0372580052745097,0.034165782374756135,0.0,0.1692095620223108
viale_tower,GPAC,Áreas comuns,250,0.052004947007029644,0.046618694436013006,0.035182542175065355,0.0,0.2128376537603103
viale_tower,HDy,Atendimento da equipe,250,0.028000134930005013,0.022870635857648848,0.023884225881790438,0.0,0.1730477314892898
viale_tower,HDy,Café da manhã,250,0.037851428571428536,0.027622767857142752,0.03324912424076991,0.0,0.1744754464285712
viale_tower,HDy,Experiência,250,0.050313599999999944,0.0384499999999999,0.04382544206884992,0.0,0.193
viale_tower,HDy,Localização,250,0.07198365939479238,0.058865235749472195,0.058716931121904736,0.0,0.3301266713581984
viale_tower,HDy,Quarto,250,0.026854791172282816,0.0211010915994304,0.02377231193971395,0.0,0.163330564784053
viale_tower,HDy,Áreas comuns,250,0.020648252371371023,0.01565428283989645,0.02078981497210924,0.0,0.1433709399252659
viale_tower,MAX,Atendimento da equipe,250,0.05423599325402665,0.049005832343540195,0.0320918327515666,0.0,0.2306012596036103
viale_tower,MAX,Café da manhã,250,0.050967705905028964,0.0401785714285714,0.04181929290440425,0.0,0.2284521916874858
viale_tower,MAX,Experiência,250,0.07598377679696727,0.05968515566391595,0.06392827993296234,0.0,0.3709148866608543
viale_tower,MAX,Localização,250,0.0850368116657365,0.0692691425847312,0.06856115105739961,0.0007321059680823,0.3678948574070136
viale_tower,MAX,Quarto,250,0.045672584965473294,0.0373328188361556,0.03946250045778422,0.0,0.258234586223801
viale_tower,MAX,Áreas comuns,250,0.03874691045260671,0.04037121192325145,0.02240136574764326,0.0,0.1210775396178725
viale_tower,MS,Atendimento da equipe,250,0.04676577122647418,0.044650715283408554,0.028149804352076677,0.0,0.1498244885892092
viale_tower,MS,Café da manhã,250,0.046697535480030625,0.03555232426492265,0.0392476928080343,0.0,0.186205782988871
viale_tower,MS,Experiência,250,0.07168654464588399,0.0578344919426213,0.057099272903713756,0.0,0.2999999999999999
viale_tower,MS,Localização,250,0.13077348816070522,0.1031983991224293,0.10986710262115816,0.0,0.5773983867885395
viale_tower,MS,Quarto,250,0.03766086085914829,0.03133562787014865,0.030818595708749008,0.0,0.1876456376817822
viale_tower,MS,Áreas comuns,250,0.03010421383840488,0.0275174397658052,0.023544277677504485,0.0,0.1101917742017928
viale_tower,MS2,Atendimento da equipe,250,0.04473453369369911,0.0417891802272113,0.027070635098113034,0.0,0.1279955973698594
viale_tower,MS2,Café da manhã,250,0.04309828515673952,0.03513888747892825,0.036978741932383416,0.0,0.2062620578778134
viale_tower,MS2,Experiência,250,0.07720459159453048,0.05933539412673875,0.06855830933753393,0.0,0.3204266050225912
viale_tower,MS2,Localização,250,0.12187676613502732,0.08690622575850485,0.1036349862800385,0.0001451838476807,0.4715442286179151
viale_tower,MS2,Quarto,250,0.039110474232340375,0.03045441387966245,0.03665790223748874,0.0,0.256756305213662
viale_tower,MS2,Áreas comuns,250,0.0271972792882981,0.023002002945400953,0.02259218952567,0.0,0.1539407875826386
viale_tower,PACC,Atendimento da equipe,250,0.04847347158790498,0.04614345773869705,0.028581088372494463,0.0,0.1767748351242575
viale_tower,PACC,Café da manhã,250,0.04708413026390413,0.0401015564379204,0.03913771177296525,0.0,0.22314203660191
viale_tower,PACC,Experiência,250,0.07492277867476083,0.059717600777326504,0.062181147247557494,0.0002801092640976,0.3202468658466473
viale_tower,PACC,Localização,250,0.1377279609853156,0.11097491815294065,0.11372000865821871,1.704780569719566e-05,0.5803984658005518
viale_tower,PACC,Quarto,250,0.04156438854156687,0.0360045297461855,0.03278337054479822,9.767303376342906e-05,0.192308229030596
viale_tower,PACC,Áreas comuns,250,0.03238263345947577,0.0282015893321657,0.022180637093433084,0.0,0.1128677295811315
viale_tower,PCC,Atendimento da equipe,250,0.055450160904478046,0.05473876990941415,0.03541204274705158,5.189511863712415e-05,0.1505570453525047
viale_tower,PCC,Café da manhã,250,0.09896000179584474,0.09054587757322691,0.06649217909697229,0.0013759541019642,0.3144869288807144
viale_tower,PCC,Experiência,250,0.14601349489807441,0.13137405452069761,0.10374164115779785,0.0006689739097673,0.4083152321375998
viale_tower,PCC,Localização,250,0.2171306161631095,0.1856662590391133,0.15353720567548157,3.708862682624825e-05,0.6612099382488388
viale_tower,PCC,Quarto,250,0.10670122604914732,0.10279706172712505,0.06364896127238265,0.0017348944464285,0.2724119305657042
viale_tower,PCC,Áreas comuns,250,0.06187014447911896,0.055607226382424504,0.041705038669496465,0.0004049594257927,0.2042796847033743
viale_tower,PWK,Atendimento da equipe,250,0.0411048068814302,0.035199865069994896,0.030624929326093914,0.0001686625063248,0.2347782088041827
viale_tower,PWK,Café da manhã,250,0.06438654559508188,0.045958806818181694,0.07007093982599515,0.0004565746753246,0.5
viale_tower,PWK,Experiência,250,0.15390405540844662,0.13129032258064505,0.10776659720556925,0.0,0.4097297297297297
viale_tower,PWK,Localização,250,0.15135064036288104,0.12656991812704887,0.11284512659904826,0.0,0.5
viale_tower,PWK,Quarto,250,0.06421561385382867,0.0563163654910072,0.04248537522799727,0.0003028285246761,0.2110109159943046
viale_tower,PWK,Áreas comuns,250,0.0439370307771278,0.033358113877374,0.052431620424515143,0.0003752674778831,0.5
viale_tower,SMM,Atendimento da equipe,250,0.050140039474181074,0.04652583899747105,0.03144536806347172,0.0,0.1662521436281226
viale_tower,SMM,Café da manhã,250,0.043212927108527616,0.03534742708278575,0.035995186361931636,0.0,0.1901700392721473
viale_tower,SMM,Experiência,250,0.07211681450605052,0.06348767403369104,0.058515460643046475,0.0,0.3287669110216884
viale_tower,SMM,Localização,250,0.13328758063180712,0.10657681392415165,0.10424868011403174,0.0005442246604729,0.414568148149786
viale_tower,SMM,Quarto,250,0.03772927843165195,0.032543257838008904,0.03025423550452861,0.0,0.1481241670123534
viale_tower,SMM,Áreas comuns,250,0.028741303405953624,0.02325984824818475,0.021820705364996886,0.0,0.1106621981620096
viale_tower,SORD,Atendimento da equipe,250,0.047298903693708816,0.0451340866925282,0.027961584255710076,0.0,0.1633327711249788
viale_tower,SORD,Café da manhã,250,0.04721303571428567,0.0395758928571428,0.03861918068601428,0.0,0.2270089285714286
viale_tower,SORD,Experiência,250,0.07287679999999996,0.06,0.058000112361059966,0.0,0.2692
viale_tower,SORD,Localização,250,0.10844280084447565,0.08744546094299785,0.08961166693234975,0.0,0.4717241379310344
viale_tower,SORD,Quarto,250,0.040891480778357796,0.0322603227337446,0.03642333537001689,0.0,0.2183151400094921
viale_tower,SORD,Áreas comuns,250,0.027462374245472813,0.02340543259557345,0.021197874681479927,0.0,0.0948375970106352
viale_tower,T50,Atendimento da equipe,250,0.07323816789271329,0.0607185022769437,0.06270045246348337,0.0,0.3438224113548789
viale_tower,T50,Café da manhã,250,0.16041406368755656,0.1397168778801844,0.12122768223575905,0.0,0.5845299539170508
viale_tower,T50,Experiência,250,0.09711195505231308,0.0757279860505666,0.08241906204143117,0.0,0.5216216216216216
viale_tower,T50,Localização,250,0.26383691778789325,0.24494310161229443,0.18141550411514837,0.0,0.8390955387923937
viale_tower,T50,Quarto,250,0.10689698919360463,0.0973356723736773,0.07924377807900335,0.0,0.3482277611780425
viale_tower,T50,Áreas comuns,250,0.08378477586498137,0.0692328574622336,0.07187497900749384,0.0,0.4296062086806553
viale_tower,X_method,Atendimento da equipe,250,0.0524682495015464,0.04937943165181645,0.03034239251631056,0.0,0.1952006535449806
viale_tower,X_method,Café da manhã,250,0.05211862198015355,0.04157309158046185,0.04022895005294778,0.0,0.1953861003861002
viale_tower,X_method,Experiência,250,0.0941628089493091,0.07093804143585736,0.07878806570043798,0.0,0.4146645842992752
viale_tower,X_method,Localização,250,0.1481591523099032,0.13647174299883646,0.10777466532987956,0.0015852991042226,0.4940804953120224
viale_tower,X_method,Quarto,250,0.04372165344170863,0.03780463313611965,0.033271233150127616,0.0,0.1616699232456044
viale_tower,X_method,Áreas comuns,250,0.038596776107441326,0.03459980627187275,0.02834181358661261,0.0,0.1629127228325059
